degradation,level,yaw_deg,seed_count,mean_hit_ratio,std_hit_ratio,mean_points_per_object,min_nonempty_objects,max_empty_objects,mean_fov_ratio
dropout,0.3,0,5,0.948183233425,0.00134893526939,113.206461538,25,1,0.167851755193
dropout,0.3,2,5,0.613775083251,0.0142457062504,113.206461538,25,1,0.168191311289
dropout,0.5,0,5,0.947493984088,0.0024367136459,187.189538462,25,1,0.167328697972
dropout,0.5,2,5,0.613918505379,0.00974210468227,187.189538462,25,1,0.167800434745
dropout,0.7,0,5,0.948930935886,0.00246879988155,255.215384615,26,0,0.167519725607
dropout,0.7,2,5,0.621448149157,0.00243578044115,255.215384615,26,0,0.167968562905
dropout,1,0,5,0.94785876468,0,363.807692308,26,0,0.167400434084
dropout,1,2,5,0.61909602732,0,363.807692308,26,0,0.167808491115
noise,0,0,5,0.94785876468,0,363.807692308,26,0,0.167400434084
noise,0,2,5,0.61909602732,0,363.807692308,26,0,0.167808491115
noise,0.02,0,5,0.946142144168,0.0012887427861,363.807692308,26,0,0.167584390605
noise,0.02,2,5,0.619433852421,0.00116723137839,363.807692308,26,0,0.167973478499
noise,0.05,0,5,0.938150873692,0.00102877544377,363.807692308,26,0,0.16775114256
noise,0.05,2,5,0.615331113766,0.00189138670605,363.807692308,26,0,0.16810582132
noise,0.1,0,5,0.91261606267,0.00306873841402,363.807692308,26,0,0.167988918494
noise,0.1,2,5,0.602476313972,0.00400559639991,363.807692308,26,0,0.168404474952
