degradation,level,seed,yaw_deg,object_count,empty_object_count,object_points,visible_object_points,hit_points,mean_hit_ratio,pooled_hit_ratio,visible_hit_ratio,mean_points_per_object,fov_ratio
dropout,1,0,0,26,0,9459,6300,6262,0.94785876468,0.662015012158,0.993968253968,363.807692308,0.167400434084
dropout,1,0,2,26,0,9459,6126,5046,0.61909602732,0.533460196638,0.823702252693,363.807692308,0.167808491115
dropout,1,1,0,26,0,9459,6300,6262,0.94785876468,0.662015012158,0.993968253968,363.807692308,0.167400434084
dropout,1,1,2,26,0,9459,6126,5046,0.61909602732,0.533460196638,0.823702252693,363.807692308,0.167808491115
dropout,1,2,0,26,0,9459,6300,6262,0.94785876468,0.662015012158,0.993968253968,363.807692308,0.167400434084
dropout,1,2,2,26,0,9459,6126,5046,0.61909602732,0.533460196638,0.823702252693,363.807692308,0.167808491115
dropout,1,3,0,26,0,9459,6300,6262,0.94785876468,0.662015012158,0.993968253968,363.807692308,0.167400434084
dropout,1,3,2,26,0,9459,6126,5046,0.61909602732,0.533460196638,0.823702252693,363.807692308,0.167808491115
dropout,1,4,0,26,0,9459,6300,6262,0.94785876468,0.662015012158,0.993968253968,363.807692308,0.167400434084
dropout,1,4,2,26,0,9459,6126,5046,0.61909602732,0.533460196638,0.823702252693,363.807692308,0.167808491115
dropout,0.7,0,0,26,0,6639,4399,4374,0.950914497493,0.658834161771,0.994316890202,255.346153846,0.168262498938
dropout,0.7,0,2,26,0,6639,4271,3525,0.622936196802,0.530953456846,0.825333645516,255.346153846,0.168674698795
dropout,0.7,1,0,26,0,6655,4416,4389,0.947579626327,0.659504132231,0.993885869565,255.961538462,0.167269342421
dropout,0.7,1,2,26,0,6655,4295,3539,0.621659490538,0.531780616078,0.82398137369,255.961538462,0.16776473558
dropout,0.7,2,0,26,0,6607,4395,4374,0.951389526007,0.662025124868,0.995221843003,254.115384615,0.167788284067
dropout,0.7,2,2,26,0,6607,4270,3512,0.618799077646,0.53155743908,0.822482435597,254.115384615,0.168277315564
dropout,0.7,3,0,26,0,6569,4414,4387,0.945410923805,0.667833764652,0.99388309923,252.653846154,0.167211069918
dropout,0.7,3,2,26,0,6569,4295,3536,0.619276801994,0.538285888263,0.823282887078,252.653846154,0.167582755069
dropout,0.7,4,0,26,0,6708,4431,4408,0.949360105798,0.657125819917,0.994809298127,258,0.167067432692
dropout,0.7,4,2,26,0,6708,4312,3542,0.624569178808,0.528026237329,0.821428571429,258,0.167543309518
dropout,0.5,0,0,26,0,4751,3152,3136,0.94931983972,0.660071563881,0.994923857868,182.730769231,0.167744431305
dropout,0.5,0,2,26,0,4751,3055,2530,0.624780910122,0.532519469585,0.828150572831,182.730769231,0.168135679651
dropout,0.5,1,0,25,1,4755,3172,3154,0.948028717326,0.663301787592,0.994325346784,190.2,0.16729099643
dropout,0.5,1,2,25,1,4755,3087,2527,0.605861814922,0.531440588854,0.818594104308,190.2,0.167819840465
dropout,0.5,2,0,25,1,4720,3136,3126,0.947884548281,0.662288135593,0.99681122449,188.8,0.167476264076
dropout,0.5,2,2,25,1,4720,3042,2529,0.615725099683,0.535805084746,0.831360946746,188.8,0.16802826231
dropout,0.5,3,0,25,1,4716,3160,3141,0.943272916108,0.666030534351,0.993987341772,188.64,0.167014125067
dropout,0.5,3,2,25,1,4716,3075,2539,0.602051183833,0.538379983036,0.825691056911,188.64,0.167354222061
dropout,0.5,4,0,26,0,4825,3204,3187,0.948963899006,0.660518134715,0.994694132335,185.576923077,0.167117672984
dropout,0.5,4,2,26,0,4825,3120,2561,0.621173518335,0.530777202073,0.820833333333,185.576923077,0.167664169238
dropout,0.3,0,0,26,0,2874,1904,1896,0.948817524876,0.659707724426,0.995798319328,110.538461538,0.168457541546
dropout,0.3,0,2,26,0,2874,1850,1533,0.629187662173,0.533402922756,0.828648648649,110.538461538,0.168700413618
dropout,0.3,1,0,25,1,2888,1922,1911,0.94752805966,0.661703601108,0.994276795005,115.52,0.167648052158
dropout,0.3,1,2,25,1,2888,1871,1546,0.610200016754,0.535318559557,0.826296098343,115.52,0.168125284504
dropout,0.3,2,0,25,1,2838,1883,1878,0.948361806938,0.661733615222,0.997344662772,113.52,0.16730817259
dropout,0.3,2,2,25,1,2838,1825,1522,0.622595034643,0.5362931642,0.83397260274,113.52,0.167484464294
dropout,0.3,3,0,25,1,2820,1887,1874,0.946315169367,0.664539007092,0.993110757817,112.8,0.168315521778
dropout,0.3,3,2,25,1,2820,1827,1499,0.591821486857,0.531560283688,0.820470717022,112.8,0.168638922781
dropout,0.3,4,0,26,0,2955,1960,1947,0.949893606282,0.658883248731,0.993367346939,113.653846154,0.167529487896
dropout,0.3,4,2,26,0,2955,1901,1555,0.615071215826,0.526226734349,0.817990531299,113.653846154,0.168007471247
noise,0,0,0,26,0,9459,6300,6262,0.94785876468,0.662015012158,0.993968253968,363.807692308,0.167400434084
noise,0,0,2,26,0,9459,6126,5046,0.61909602732,0.533460196638,0.823702252693,363.807692308,0.167808491115
noise,0,1,0,26,0,9459,6300,6262,0.94785876468,0.662015012158,0.993968253968,363.807692308,0.167400434084
noise,0,1,2,26,0,9459,6126,5046,0.61909602732,0.533460196638,0.823702252693,363.807692308,0.167808491115
noise,0,2,0,26,0,9459,6300,6262,0.94785876468,0.662015012158,0.993968253968,363.807692308,0.167400434084
noise,0,2,2,26,0,9459,6126,5046,0.61909602732,0.533460196638,0.823702252693,363.807692308,0.167808491115
noise,0,3,0,26,0,9459,6300,6262,0.94785876468,0.662015012158,0.993968253968,363.807692308,0.167400434084
noise,0,3,2,26,0,9459,6126,5046,0.61909602732,0.533460196638,0.823702252693,363.807692308,0.167808491115
noise,0,4,0,26,0,9459,6300,6262,0.94785876468,0.662015012158,0.993968253968,363.807692308,0.167400434084
noise,0,4,2,26,0,9459,6126,5046,0.61909602732,0.533460196638,0.823702252693,363.807692308,0.167808491115
noise,0.02,0,0,26,0,9459,6301,6253,0.944329049492,0.661063537372,0.992382161562,363.807692308,0.16751733691
noise,0.02,0,2,26,0,9459,6130,5044,0.618626688829,0.533248757797,0.822838499184,363.807692308,0.167960685359
noise,0.02,1,0,26,0,9459,6299,6258,0.945989581177,0.661592134475,0.993491030322,363.807692308,0.167587919747
noise,0.02,1,2,26,0,9459,6125,5048,0.621297710852,0.533671635479,0.824163265306,363.807692308,0.167949656791
noise,0.02,2,0,26,0,9459,6296,6254,0.947195610796,0.661169256792,0.99332909784,363.807692308,0.167658502585
noise,0.02,2,2,26,0,9459,6127,5047,0.619523627749,0.533565916059,0.823731026604,363.807692308,0.16800921106
noise,0.02,3,0,26,0,9459,6299,6253,0.94564771196,0.661063537372,0.992697253532,363.807692308,0.167585714034
noise,0.02,3,2,26,0,9459,6125,5042,0.618286605788,0.533037318955,0.823183673469,363.807692308,0.168048913907
noise,0.02,4,0,26,0,9459,6300,6256,0.947548767415,0.661380695634,0.993015873016,363.807692308,0.167572479752
noise,0.02,4,2,26,0,9459,6133,5053,0.619434628885,0.534200232583,0.823903473015,363.807692308,0.167898925376
noise,0.05,0,0,26,0,9459,6300,6206,0.938285935316,0.656094724601,0.985079365079,363.807692308,0.167720262568
noise,0.05,0,2,26,0,9459,6129,4997,0.614464634271,0.528279945026,0.815304291075,363.807692308,0.168035679624
noise,0.05,1,0,26,0,9459,6302,6202,0.937072749367,0.655671846918,0.98413202158,363.807692308,0.167695999718
noise,0.05,1,2,26,0,9459,6125,5008,0.613214475692,0.529442858653,0.817632653061,363.807692308,0.168106262462
noise,0.05,2,0,26,0,9459,6301,6203,0.939820210117,0.655777566339,0.984446913188,363.807692308,0.167905542517
noise,0.05,2,2,26,0,9459,6127,5010,0.615829149084,0.529654297494,0.817692182145,363.807692308,0.168159199591
noise,0.05,3,0,26,0,9459,6300,6199,0.937823099888,0.655354688656,0.983968253968,363.807692308,0.167779816838
noise,0.05,3,2,26,0,9459,6125,5002,0.614879167482,0.528808542129,0.816653061224,363.807692308,0.168170228159
noise,0.05,4,0,26,0,9459,6295,6207,0.937752373773,0.656200444022,0.986020651311,363.807692308,0.167654091158
noise,0.05,4,2,26,0,9459,6137,5035,0.618268142301,0.532297283011,0.820433436533,363.807692308,0.168057736761
noise,0.1,0,0,26,0,9459,6303,6067,0.911322669191,0.64139972513,0.962557512296,363.807692308,0.167940833936
noise,0.1,0,2,26,0,9459,6132,4903,0.598224834227,0.518342319484,0.799575994781,363.807692308,0.16821875386
noise,0.1,1,0,26,0,9459,6290,6052,0.912330239615,0.63981393382,0.962162162162,363.807692308,0.167978331069
noise,0.1,1,2,26,0,9459,6131,4933,0.607472823807,0.521513902104,0.804599575926,363.807692308,0.168408445237
noise,0.1,2,0,26,0,9459,6296,6064,0.914660788676,0.641082566868,0.963151207116,363.807692308,0.168035679624
noise,0.1,2,2,26,0,9459,6124,4896,0.601150563328,0.517602283539,0.799477465709,363.807692308,0.168527553775
noise,0.1,3,0,26,0,9459,6299,6041,0.90840682668,0.638651020192,0.959041117638,363.807692308,0.168066559616
noise,0.1,3,2,26,0,9459,6122,4907,0.599667256032,0.518765197167,0.801535445933,363.807692308,0.168476822361
noise,0.1,4,0,26,0,9459,6299,6070,0.916359789189,0.641716883391,0.96364502302,363.807692308,0.167923188227
noise,0.1,4,2,26,0,9459,6129,4917,0.605866092466,0.519822391373,0.802251590798,363.807692308,0.168390799527
