degradation,level,seed,frame,yaw_deg,n_points_raw,n_points,inside_image,fov_ratio,object_count,empty_object_count,object_points,visible_object_points,hit_points,mean_hit_ratio,pooled_hit_ratio,visible_hit_ratio
dropout,1,0,000019,0,115697,115697,18792,0.162424263378,2,0,1255,1255,1255,1,1,1
dropout,1,0,000019,2,115697,115697,18912,0.163461455353,2,0,1255,1255,1162,0.470064724919,0.925896414343,0.925896414343
dropout,1,0,000011,0,108004,108004,19946,0.184678345246,6,0,3766,725,721,0.842841699922,0.191449814126,0.994482758621
dropout,1,0,000011,2,108004,108004,19963,0.184835746824,6,0,3766,592,269,0.254275445258,0.0714285714286,0.454391891892
dropout,1,0,000004,0,115976,115976,19063,0.164370214527,2,0,103,103,103,1,1,1
dropout,1,0,000004,2,115976,115976,18975,0.163611436849,2,0,103,103,56,0.478271728272,0.543689320388,0.543689320388
dropout,1,0,000049,0,113691,113691,18093,0.159141884582,16,0,4335,4217,4183,0.974204855135,0.96493656286,0.991937396253
dropout,1,0,000049,2,113691,113691,18229,0.160338109437,16,0,4335,4176,3559,0.792135695774,0.820991926182,0.852250957854
dropout,1,1,000019,0,115697,115697,18792,0.162424263378,2,0,1255,1255,1255,1,1,1
dropout,1,1,000019,2,115697,115697,18912,0.163461455353,2,0,1255,1255,1162,0.470064724919,0.925896414343,0.925896414343
dropout,1,1,000011,0,108004,108004,19946,0.184678345246,6,0,3766,725,721,0.842841699922,0.191449814126,0.994482758621
dropout,1,1,000011,2,108004,108004,19963,0.184835746824,6,0,3766,592,269,0.254275445258,0.0714285714286,0.454391891892
dropout,1,1,000004,0,115976,115976,19063,0.164370214527,2,0,103,103,103,1,1,1
dropout,1,1,000004,2,115976,115976,18975,0.163611436849,2,0,103,103,56,0.478271728272,0.543689320388,0.543689320388
dropout,1,1,000049,0,113691,113691,18093,0.159141884582,16,0,4335,4217,4183,0.974204855135,0.96493656286,0.991937396253
dropout,1,1,000049,2,113691,113691,18229,0.160338109437,16,0,4335,4176,3559,0.792135695774,0.820991926182,0.852250957854
dropout,1,2,000019,0,115697,115697,18792,0.162424263378,2,0,1255,1255,1255,1,1,1
dropout,1,2,000019,2,115697,115697,18912,0.163461455353,2,0,1255,1255,1162,0.470064724919,0.925896414343,0.925896414343
dropout,1,2,000011,0,108004,108004,19946,0.184678345246,6,0,3766,725,721,0.842841699922,0.191449814126,0.994482758621
dropout,1,2,000011,2,108004,108004,19963,0.184835746824,6,0,3766,592,269,0.254275445258,0.0714285714286,0.454391891892
dropout,1,2,000004,0,115976,115976,19063,0.164370214527,2,0,103,103,103,1,1,1
dropout,1,2,000004,2,115976,115976,18975,0.163611436849,2,0,103,103,56,0.478271728272,0.543689320388,0.543689320388
dropout,1,2,000049,0,113691,113691,18093,0.159141884582,16,0,4335,4217,4183,0.974204855135,0.96493656286,0.991937396253
dropout,1,2,000049,2,113691,113691,18229,0.160338109437,16,0,4335,4176,3559,0.792135695774,0.820991926182,0.852250957854
dropout,1,3,000019,0,115697,115697,18792,0.162424263378,2,0,1255,1255,1255,1,1,1
dropout,1,3,000019,2,115697,115697,18912,0.163461455353,2,0,1255,1255,1162,0.470064724919,0.925896414343,0.925896414343
dropout,1,3,000011,0,108004,108004,19946,0.184678345246,6,0,3766,725,721,0.842841699922,0.191449814126,0.994482758621
dropout,1,3,000011,2,108004,108004,19963,0.184835746824,6,0,3766,592,269,0.254275445258,0.0714285714286,0.454391891892
dropout,1,3,000004,0,115976,115976,19063,0.164370214527,2,0,103,103,103,1,1,1
dropout,1,3,000004,2,115976,115976,18975,0.163611436849,2,0,103,103,56,0.478271728272,0.543689320388,0.543689320388
dropout,1,3,000049,0,113691,113691,18093,0.159141884582,16,0,4335,4217,4183,0.974204855135,0.96493656286,0.991937396253
dropout,1,3,000049,2,113691,113691,18229,0.160338109437,16,0,4335,4176,3559,0.792135695774,0.820991926182,0.852250957854
dropout,1,4,000019,0,115697,115697,18792,0.162424263378,2,0,1255,1255,1255,1,1,1
dropout,1,4,000019,2,115697,115697,18912,0.163461455353,2,0,1255,1255,1162,0.470064724919,0.925896414343,0.925896414343
dropout,1,4,000011,0,108004,108004,19946,0.184678345246,6,0,3766,725,721,0.842841699922,0.191449814126,0.994482758621
dropout,1,4,000011,2,108004,108004,19963,0.184835746824,6,0,3766,592,269,0.254275445258,0.0714285714286,0.454391891892
dropout,1,4,000004,0,115976,115976,19063,0.164370214527,2,0,103,103,103,1,1,1
dropout,1,4,000004,2,115976,115976,18975,0.163611436849,2,0,103,103,56,0.478271728272,0.543689320388,0.543689320388
dropout,1,4,000049,0,113691,113691,18093,0.159141884582,16,0,4335,4217,4183,0.974204855135,0.96493656286,0.991937396253
dropout,1,4,000049,2,113691,113691,18229,0.160338109437,16,0,4335,4176,3559,0.792135695774,0.820991926182,0.852250957854
dropout,0.7,0,000019,0,115697,81116,13291,0.163851767839,2,0,891,891,891,1,1,1
dropout,0.7,0,000019,2,115697,81116,13413,0.165355786774,2,0,891,891,825,0.470890410959,0.925925925926,0.925925925926
dropout,0.7,0,000011,0,108004,75698,14102,0.186292900737,6,0,2667,509,506,0.843541847669,0.189726284214,0.994106090373
dropout,0.7,0,000011,2,108004,75698,14098,0.186240059183,6,0,2667,411,196,0.268414351461,0.0734908136483,0.476885644769
dropout,0.7,0,000004,0,115976,81306,13415,0.164993973384,2,0,69,69,69,1,1,1
dropout,0.7,0,000004,2,115976,81306,13332,0.163973138514,2,0,69,69,36,0.490526315789,0.521739130435,0.521739130435
dropout,0.7,0,000049,0,113691,79687,12667,0.158959428765,16,0,3012,2930,2908,0.978907865551,0.965471447543,0.992491467577
dropout,0.7,0,000049,2,113691,79687,12763,0.160164142206,16,0,3012,2900,2468,0.791438847161,0.819389110226,0.851034482759
dropout,0.7,1,000019,0,115697,80889,13174,0.1628651609,2,0,870,870,870,1,1,1
dropout,0.7,1,000019,2,115697,80889,13279,0.16416323604,2,0,870,870,807,0.469186046512,0.927586206897,0.927586206897
dropout,0.7,1,000011,0,108004,75462,13853,0.183575839495,6,0,2673,515,511,0.842536155255,0.191170968949,0.992233009709
dropout,0.7,1,000011,2,108004,75462,13870,0.183801118444,6,0,2673,420,188,0.248938682867,0.0703329592218,0.447619047619
dropout,0.7,1,000004,0,115976,81081,13319,0.164267830934,2,0,73,73,73,1,1,1
dropout,0.7,1,000004,2,115976,81081,13254,0.163466163466,2,0,73,73,43,0.54367816092,0.58904109589,0.58904109589
dropout,0.7,1,000049,0,113691,79488,12665,0.159332226248,16,0,3039,2958,2935,0.973865834562,0.965778216519,0.992224475997
dropout,0.7,1,000049,2,113691,79488,12765,0.160590277778,16,0,3039,2932,2501,0.79023664012,0.822968081606,0.853001364256
dropout,0.7,2,000019,0,115697,80911,13098,0.161881573581,2,0,892,892,892,1,1,1
dropout,0.7,2,000019,2,115697,80911,13201,0.163154577252,2,0,892,892,822,0.469714285714,0.921524663677,0.921524663677
dropout,0.7,2,000011,0,108004,75469,14029,0.1858908956,6,0,2642,510,508,0.842123841894,0.192278576836,0.996078431373
dropout,0.7,2,000011,2,108004,75469,14048,0.1861426546,6,0,2642,416,180,0.249331265194,0.0681302043906,0.432692307692
dropout,0.7,2,000004,0,115976,81119,13353,0.164610017382,2,0,71,71,71,1,1,1
dropout,0.7,2,000004,2,115976,81119,13291,0.163845708157,2,0,71,71,37,0.477463312369,0.521126760563,0.521126760563
dropout,0.7,2,000049,0,113691,79454,12701,0.159853500138,16,0,3002,2922,2903,0.98021153905,0.967021985343,0.993497604381
dropout,0.7,2,000049,2,113691,79454,12796,0.161049160521,16,0,3002,2891,2473,0.793652076966,0.823784143904,0.855413351781
dropout,0.7,3,000019,0,115697,81025,13142,0.162196852823,2,0,889,889,889,1,1,1
dropout,0.7,3,000019,2,115697,81025,13224,0.163208886146,2,0,889,889,824,0.470857142857,0.926884139483,0.926884139483
dropout,0.7,3,000011,0,108004,75633,13925,0.184112755014,6,0,2573,499,497,0.844073907165,0.193159735717,0.995991983968
dropout,0.7,3,000011,2,108004,75633,13930,0.184178863724,6,0,2573,407,179,0.254224303322,0.0695685969685,0.439803439803
dropout,0.7,3,000004,0,115976,81221,13398,0.164957338619,2,0,73,73,73,1,1,1
dropout,0.7,3,000004,2,115976,81221,13346,0.164317110107,2,0,73,73,39,0.466707021792,0.534246575342,0.534246575342
dropout,0.7,3,000049,0,113691,79594,12620,0.158554664924,16,0,3034,2953,2928,0.969765035996,0.965062623599,0.991534033187
dropout,0.7,3,000049,2,113691,79594,12703,0.159597457095,16,0,3034,2926,2494,0.793795168913,0.82201713909,0.852358168148
dropout,0.7,4,000019,0,115697,80985,13170,0.162622707909,2,0,877,877,877,1,1,1
dropout,0.7,4,000019,2,115697,80985,13258,0.163709328888,2,0,877,877,807,0.468097447796,0.920182440137,0.920182440137
dropout,0.7,4,000011,0,108004,75577,13854,0.183309737089,6,0,2718,521,518,0.842618051767,0.190581309787,0.99424184261
dropout,0.7,4,000011,2,108004,75577,13857,0.183349431705,6,0,2718,427,194,0.266486909466,0.0713760117734,0.454332552693
dropout,0.7,4,000004,0,115976,81179,13268,0.163441284076,2,0,71,71,71,1,1,1
dropout,0.7,4,000004,2,115976,81179,13214,0.162776087412,2,0,71,71,42,0.497023809524,0.591549295775,0.591549295775
dropout,0.7,4,000049,0,113691,79568,12720,0.159863261613,16,0,3042,2962,2942,0.97672840251,0.967126890204,0.993247805537
dropout,0.7,4,000049,2,113691,79568,12834,0.161295998391,16,0,3042,2937,2499,0.794352167348,0.821499013807,0.850868232891
dropout,0.5,0,000019,0,115697,58073,9449,0.162709004184,2,0,650,650,650,1,1,1
dropout,0.5,0,000019,2,115697,58073,9524,0.164000482152,2,0,650,650,606,0.474921630094,0.932307692308,0.932307692308
dropout,0.5,0,000011,0,108004,54155,10105,0.186594035638,6,0,1908,370,369,0.844072948328,0.193396226415,0.997297297297
dropout,0.5,0,000011,2,108004,54155,10096,0.186427845998,6,0,1908,295,142,0.270283191804,0.0744234800839,0.481355932203
dropout,0.5,0,000004,0,115976,58220,9553,0.164084507042,2,0,48,48,48,1,1,1
dropout,0.5,0,000004,2,115976,58220,9512,0.16338028169,2,0,48,48,26,0.468131868132,0.541666666667,0.541666666667
dropout,0.5,0,000049,0,113691,57029,9051,0.158708727139,16,0,2145,2084,2069,0.976117383921,0.964568764569,0.992802303263
dropout,0.5,0,000049,2,113691,57029,9115,0.159830963194,16,0,2145,2062,1756,0.796031094744,0.818648018648,0.851600387973
dropout,0.5,1,000019,0,115697,57911,9501,0.164062095284,2,0,637,637,637,1,1,1
dropout,0.5,1,000019,2,115697,57911,9577,0.165374453903,2,0,637,637,589,0.46746031746,0.92464678179,0.92464678179
dropout,0.5,1,000011,0,108004,54033,9935,0.183869117021,6,0,1906,372,369,0.841773859216,0.193599160546,0.991935483871
dropout,0.5,1,000011,2,108004,54033,9941,0.183980160272,6,0,1906,303,130,0.248454468658,0.0682056663169,0.42904290429
dropout,0.5,1,000004,0,115976,58054,9490,0.16346849485,2,0,55,55,55,1,1,1
dropout,0.5,1,000004,2,115976,58054,9455,0.162865607882,2,0,55,55,33,0.543554006969,0.6,0.6
dropout,0.5,1,000049,0,113691,56912,9034,0.15873629463,15,1,2157,2108,2093,0.976671651858,0.970329160872,0.992884250474
dropout,0.5,1,000049,2,113691,56912,9107,0.160018976666,15,1,2157,2092,1775,0.77558599415,0.822902178952,0.848470363289
dropout,0.5,2,000019,0,115697,57808,9343,0.161621228896,2,0,643,643,643,1,1,1
dropout,0.5,2,000019,2,115697,57808,9420,0.162953224467,2,0,643,643,592,0.469841269841,0.920684292379,0.920684292379
dropout,0.5,2,000011,0,108004,53896,9982,0.1852085498,6,0,1893,368,366,0.84231730508,0.193343898574,0.994565217391
dropout,0.5,2,000011,2,108004,53896,9981,0.185189995547,6,0,1893,292,135,0.266737261799,0.0713153724247,0.462328767123
dropout,0.5,2,000004,0,115976,57957,9560,0.164949876633,2,0,49,49,49,1,1,1
dropout,0.5,2,000004,2,115976,57957,9531,0.164449505668,2,0,49,49,28,0.52990430622,0.571428571429,0.571428571429
dropout,0.5,2,000049,0,113691,56789,9040,0.159185757805,15,1,2135,2076,2068,0.97621399177,0.968618266979,0.996146435453
dropout,0.5,2,000049,2,113691,56789,9118,0.160559263238,15,1,2135,2058,1774,0.78621418461,0.830913348946,0.862001943635
dropout,0.5,3,000019,0,115697,57784,9412,0.162882458812,2,0,653,653,653,1,1,1
dropout,0.5,3,000019,2,115697,57784,9470,0.163886196871,2,0,653,653,606,0.469040247678,0.928024502297,0.928024502297
dropout,0.5,3,000011,0,108004,53941,9928,0.184052946738,6,0,1856,359,358,0.8438607463,0.192887931034,0.99721448468
dropout,0.5,3,000011,2,108004,53941,9934,0.184164179381,6,0,1856,294,132,0.262808071815,0.0711206896552,0.448979591837
dropout,0.5,3,000004,0,115976,57918,9524,0.164439379813,2,0,50,50,50,1,1,1
dropout,0.5,3,000004,2,115976,57918,9479,0.163662419282,2,0,50,50,26,0.4375,0.52,0.52
dropout,0.5,3,000049,0,113691,56763,8949,0.157655515036,15,1,2157,2098,2080,0.967910561661,0.964302271674,0.991420400381
dropout,0.5,3,000049,2,113691,56763,9007,0.158677307401,15,1,2157,2078,1775,0.777423377972,0.822902178952,0.854186717998
dropout,0.5,4,000019,0,115697,57921,9388,0.162082836968,2,0,625,625,625,1,1,1
dropout,0.5,4,000019,2,115697,57921,9468,0.163464028591,2,0,625,625,583,0.473214285714,0.9328,0.9328
dropout,0.5,4,000011,0,108004,54035,9927,0.183714259276,6,0,1948,379,376,0.842000280446,0.193018480493,0.992084432718
dropout,0.5,4,000011,2,108004,54035,9921,0.183603220135,6,0,1948,310,133,0.251465442233,0.0682751540041,0.429032258065
dropout,0.5,4,000004,0,115976,58056,9516,0.163910706904,2,0,47,47,47,1,1,1
dropout,0.5,4,000004,2,115976,58056,9488,0.163428413945,2,0,47,47,26,0.487373737374,0.553191489362,0.553191489362
dropout,0.5,4,000049,0,113691,56888,9088,0.159752496133,16,0,2205,2153,2139,0.976316230718,0.970068027211,0.993497445425
dropout,0.5,4,000049,2,113691,56888,9166,0.161123611306,16,0,2205,2138,1819,0.795033923571,0.824943310658,0.850795135641
dropout,0.3,0,000019,0,115697,34699,5706,0.164442779331,2,0,403,403,403,1,1,1
dropout,0.3,0,000019,2,115697,34699,5741,0.165451453932,2,0,403,403,370,0.470737913486,0.918114143921,0.918114143921
dropout,0.3,0,000011,0,108004,32322,6102,0.188787822536,6,0,1142,215,215,0.844096871847,0.18826619965,1
dropout,0.3,0,000011,2,108004,32322,6093,0.18850937442,6,0,1142,175,86,0.264035476494,0.0753064798599,0.491428571429
dropout,0.3,0,000004,0,115976,34792,5684,0.16337088986,2,0,33,33,33,1,1,1
dropout,0.3,0,000004,2,115976,34792,5665,0.162824787307,2,0,33,33,20,0.547826086957,0.606060606061,0.606060606061
dropout,0.3,0,000049,0,113691,34061,5397,0.158451014357,16,0,1296,1253,1245,0.975292150981,0.960648148148,0.993615323224
dropout,0.3,0,000049,2,113691,34061,5423,0.159214350724,16,0,1296,1239,1057,0.79609614729,0.815586419753,0.853107344633
dropout,0.3,1,000019,0,115697,34765,5696,0.163842945491,2,0,377,377,377,1,1,1
dropout,0.3,1,000019,2,115697,34765,5723,0.164619588667,2,0,377,377,346,0.46256684492,0.917771883289,0.917771883289
dropout,0.3,1,000011,0,108004,32432,5971,0.184108288111,6,0,1169,236,235,0.840715654745,0.201026518392,0.995762711864
dropout,0.3,1,000011,2,108004,32432,5981,0.184416625555,6,0,1169,196,84,0.222529420909,0.0718562874251,0.428571428571
dropout,0.3,1,000004,0,115976,34847,5769,0.165552271358,2,0,32,32,32,1,1,1
dropout,0.3,1,000004,2,115976,34847,5741,0.16474875886,2,0,32,32,22,0.636363636364,0.6875,0.6875
dropout,0.3,1,000049,0,113691,34158,5398,0.158030329645,15,1,1310,1277,1267,0.976260504202,0.967175572519,0.992169146437
dropout,0.3,1,000049,2,113691,34158,5454,0.159669769893,15,1,1310,1266,1094,0.781464195389,0.835114503817,0.864139020537
dropout,0.3,2,000019,0,115697,34766,5633,0.162026117471,2,0,395,395,395,1,1,1
dropout,0.3,2,000019,2,115697,34766,5657,0.162716447103,2,0,395,395,363,0.471428571429,0.918987341772,0.918987341772
dropout,0.3,2,000011,0,108004,32379,6034,0.186355353779,6,0,1135,219,218,0.841354272205,0.192070484581,0.995433789954
dropout,0.3,2,000011,2,108004,32379,6027,0.186139164273,6,0,1135,174,83,0.282763424519,0.073127753304,0.477011494253
dropout,0.3,2,000004,0,115976,34861,5709,0.163764665385,2,0,32,32,32,1,1,1
dropout,0.3,2,000004,2,115976,34861,5676,0.162818048822,2,0,32,32,22,0.625,0.6875,0.6875
dropout,0.3,2,000049,0,113691,34132,5401,0.15823860307,15,1,1276,1237,1233,0.977394636015,0.966300940439,0.996766370251
dropout,0.3,2,000049,2,113691,34132,5441,0.159410523849,15,1,1276,1224,1054,0.778362545073,0.826018808777,0.861111111111
dropout,0.3,3,000019,0,115697,34724,5646,0.16259647506,2,0,396,396,396,1,1,1
dropout,0.3,3,000019,2,115697,34724,5685,0.163719617556,2,0,396,396,370,0.470737913486,0.934343434343,0.934343434343
dropout,0.3,3,000011,0,108004,32412,6112,0.188572133778,6,0,1125,225,225,0.845360824742,0.2,1
dropout,0.3,3,000011,2,108004,32412,6114,0.188633839319,6,0,1125,179,81,0.27926781788,0.072,0.45251396648
dropout,0.3,3,000004,0,115976,34796,5748,0.16519140131,2,0,25,25,25,1,1,1
dropout,0.3,3,000004,2,115976,34796,5721,0.164415450052,2,0,25,25,13,0.325,0.52,0.52
dropout,0.3,3,000049,0,113691,34122,5394,0.158079831194,15,1,1274,1241,1228,0.972380952381,0.963893249608,0.989524576954
dropout,0.3,3,000049,2,113691,34122,5424,0.158959029365,15,1,1274,1227,1035,0.768563629146,0.81240188383,0.843520782396
dropout,0.3,4,000019,0,115697,34689,5648,0.162818184439,2,0,385,385,385,1,1,1
dropout,0.3,4,000019,2,115697,34689,5676,0.163625356741,2,0,385,385,358,0.472295514512,0.92987012987,0.92987012987
dropout,0.3,4,000011,0,108004,32422,5927,0.182807969897,6,0,1204,239,237,0.84142012247,0.196843853821,0.991631799163
dropout,0.3,4,000011,2,108004,32422,5932,0.18296218617,6,0,1204,191,84,0.250126939873,0.0697674418605,0.439790575916
dropout,0.3,4,000004,0,115976,34770,5751,0.165401207938,2,0,29,29,29,1,1,1
dropout,0.3,4,000004,2,115976,34770,5732,0.16485475985,2,0,29,29,13,0.392857142857,0.448275862069,0.448275862069
dropout,0.3,4,000049,0,113691,34107,5456,0.159967162166,16,0,1337,1307,1296,0.978044564282,0.969334330591,0.991583779648
dropout,0.3,4,000049,2,113691,34107,5507,0.161462456387,16,0,1337,1296,1100,0.797549041094,0.822737471952,0.848765432099
noise,0,0,000019,0,115697,115697,18792,0.162424263378,2,0,1255,1255,1255,1,1,1
noise,0,0,000019,2,115697,115697,18912,0.163461455353,2,0,1255,1255,1162,0.470064724919,0.925896414343,0.925896414343
noise,0,0,000011,0,108004,108004,19946,0.184678345246,6,0,3766,725,721,0.842841699922,0.191449814126,0.994482758621
noise,0,0,000011,2,108004,108004,19963,0.184835746824,6,0,3766,592,269,0.254275445258,0.0714285714286,0.454391891892
noise,0,0,000004,0,115976,115976,19063,0.164370214527,2,0,103,103,103,1,1,1
noise,0,0,000004,2,115976,115976,18975,0.163611436849,2,0,103,103,56,0.478271728272,0.543689320388,0.543689320388
noise,0,0,000049,0,113691,113691,18093,0.159141884582,16,0,4335,4217,4183,0.974204855135,0.96493656286,0.991937396253
noise,0,0,000049,2,113691,113691,18229,0.160338109437,16,0,4335,4176,3559,0.792135695774,0.820991926182,0.852250957854
noise,0,1,000019,0,115697,115697,18792,0.162424263378,2,0,1255,1255,1255,1,1,1
noise,0,1,000019,2,115697,115697,18912,0.163461455353,2,0,1255,1255,1162,0.470064724919,0.925896414343,0.925896414343
noise,0,1,000011,0,108004,108004,19946,0.184678345246,6,0,3766,725,721,0.842841699922,0.191449814126,0.994482758621
noise,0,1,000011,2,108004,108004,19963,0.184835746824,6,0,3766,592,269,0.254275445258,0.0714285714286,0.454391891892
noise,0,1,000004,0,115976,115976,19063,0.164370214527,2,0,103,103,103,1,1,1
noise,0,1,000004,2,115976,115976,18975,0.163611436849,2,0,103,103,56,0.478271728272,0.543689320388,0.543689320388
noise,0,1,000049,0,113691,113691,18093,0.159141884582,16,0,4335,4217,4183,0.974204855135,0.96493656286,0.991937396253
noise,0,1,000049,2,113691,113691,18229,0.160338109437,16,0,4335,4176,3559,0.792135695774,0.820991926182,0.852250957854
noise,0,2,000019,0,115697,115697,18792,0.162424263378,2,0,1255,1255,1255,1,1,1
noise,0,2,000019,2,115697,115697,18912,0.163461455353,2,0,1255,1255,1162,0.470064724919,0.925896414343,0.925896414343
noise,0,2,000011,0,108004,108004,19946,0.184678345246,6,0,3766,725,721,0.842841699922,0.191449814126,0.994482758621
noise,0,2,000011,2,108004,108004,19963,0.184835746824,6,0,3766,592,269,0.254275445258,0.0714285714286,0.454391891892
noise,0,2,000004,0,115976,115976,19063,0.164370214527,2,0,103,103,103,1,1,1
noise,0,2,000004,2,115976,115976,18975,0.163611436849,2,0,103,103,56,0.478271728272,0.543689320388,0.543689320388
noise,0,2,000049,0,113691,113691,18093,0.159141884582,16,0,4335,4217,4183,0.974204855135,0.96493656286,0.991937396253
noise,0,2,000049,2,113691,113691,18229,0.160338109437,16,0,4335,4176,3559,0.792135695774,0.820991926182,0.852250957854
noise,0,3,000019,0,115697,115697,18792,0.162424263378,2,0,1255,1255,1255,1,1,1
noise,0,3,000019,2,115697,115697,18912,0.163461455353,2,0,1255,1255,1162,0.470064724919,0.925896414343,0.925896414343
noise,0,3,000011,0,108004,108004,19946,0.184678345246,6,0,3766,725,721,0.842841699922,0.191449814126,0.994482758621
noise,0,3,000011,2,108004,108004,19963,0.184835746824,6,0,3766,592,269,0.254275445258,0.0714285714286,0.454391891892
noise,0,3,000004,0,115976,115976,19063,0.164370214527,2,0,103,103,103,1,1,1
noise,0,3,000004,2,115976,115976,18975,0.163611436849,2,0,103,103,56,0.478271728272,0.543689320388,0.543689320388
noise,0,3,000049,0,113691,113691,18093,0.159141884582,16,0,4335,4217,4183,0.974204855135,0.96493656286,0.991937396253
noise,0,3,000049,2,113691,113691,18229,0.160338109437,16,0,4335,4176,3559,0.792135695774,0.820991926182,0.852250957854
noise,0,4,000019,0,115697,115697,18792,0.162424263378,2,0,1255,1255,1255,1,1,1
noise,0,4,000019,2,115697,115697,18912,0.163461455353,2,0,1255,1255,1162,0.470064724919,0.925896414343,0.925896414343
noise,0,4,000011,0,108004,108004,19946,0.184678345246,6,0,3766,725,721,0.842841699922,0.191449814126,0.994482758621
noise,0,4,000011,2,108004,108004,19963,0.184835746824,6,0,3766,592,269,0.254275445258,0.0714285714286,0.454391891892
noise,0,4,000004,0,115976,115976,19063,0.164370214527,2,0,103,103,103,1,1,1
noise,0,4,000004,2,115976,115976,18975,0.163611436849,2,0,103,103,56,0.478271728272,0.543689320388,0.543689320388
noise,0,4,000049,0,113691,113691,18093,0.159141884582,16,0,4335,4217,4183,0.974204855135,0.96493656286,0.991937396253
noise,0,4,000049,2,113691,113691,18229,0.160338109437,16,0,4335,4176,3559,0.792135695774,0.820991926182,0.852250957854
noise,0.02,0,000019,0,115697,115697,18822,0.162683561372,2,0,1255,1255,1252,0.998786407767,0.997609561753,0.997609561753
noise,0.02,0,000019,2,115697,115697,18932,0.163634320682,2,0,1255,1255,1159,0.468851132686,0.923505976096,0.923505976096
noise,0.02,0,000011,0,108004,108004,19955,0.184761675494,6,0,3766,725,720,0.834862103574,0.191184280404,0.993103448276
noise,0.02,0,000011,2,108004,108004,19976,0.184956112737,6,0,3766,592,266,0.252621614878,0.0706319702602,0.449324324324
noise,0.02,0,000004,0,115976,115976,19080,0.164516796579,2,0,103,103,103,1,1,1
noise,0.02,0,000004,2,115976,115976,19000,0.163826998689,2,0,103,103,55,0.471778221778,0.533980582524,0.533980582524
noise,0.02,0,000049,0,113691,113691,18090,0.159115497269,16,0,4335,4218,4178,0.971613115614,0.963783160323,0.990516832622
noise,0.02,0,000049,2,113691,113691,18240,0.160434862918,16,0,4335,4180,3564,0.79295659446,0.82214532872,0.852631578947
noise,0.02,1,000019,0,115697,115697,18814,0.16261441524,2,0,1255,1255,1252,0.998786407767,0.997609561753,0.997609561753
noise,0.02,1,000019,2,115697,115697,18931,0.163625677416,2,0,1255,1255,1161,0.469660194175,0.925099601594,0.925099601594
noise,0.02,1,000011,0,108004,108004,19964,0.184845005741,6,0,3766,728,720,0.831559569769,0.191184280404,0.989010989011
noise,0.02,1,000011,2,108004,108004,19963,0.184835746824,6,0,3766,592,269,0.258841009385,0.0714285714286,0.454391891892
noise,0.02,1,000004,0,115976,115976,19093,0.164628888736,2,0,103,103,103,1,1,1
noise,0.02,1,000004,2,115976,115976,18994,0.163775263848,2,0,103,103,55,0.471778221778,0.533980582524,0.533980582524
noise,0.02,1,000049,0,113691,113691,18108,0.159273821147,16,0,4335,4213,4183,0.975549929778,0.96493656286,0.99287918348
noise,0.02,1,000049,2,113691,113691,18255,0.160566799483,16,0,4335,4175,3563,0.79486359962,0.821914648212,0.853413173653
noise,0.02,2,000019,0,115697,115697,18818,0.162648988306,2,0,1255,1255,1251,0.998381877023,0.996812749004,0.996812749004
noise,0.02,2,000019,2,115697,115697,18922,0.163547888018,2,0,1255,1255,1161,0.469660194175,0.925099601594,0.925099601594
noise,0.02,2,000011,0,108004,108004,19986,0.1850487019,6,0,3766,723,720,0.841290402096,0.191184280404,0.995850622407
noise,0.02,2,000011,2,108004,108004,19993,0.185113514314,6,0,3766,592,264,0.249966564293,0.0701009028147,0.445945945946
noise,0.02,2,000004,0,115976,115976,19090,0.164603021315,2,0,103,103,103,1,1,1
noise,0.02,2,000004,2,115976,115976,18993,0.163766641374,2,0,103,103,56,0.478271728272,0.543689320388,0.543689320388
noise,0.02,2,000049,0,113691,113691,18117,0.159352983086,16,0,4335,4215,4180,0.97391123213,0.964244521338,0.991696322657
noise,0.02,2,000049,2,113691,113691,18262,0.16062836988,16,0,4335,4177,3566,0.794496943176,0.822606689735,0.853722767537
noise,0.02,3,000019,0,115697,115697,18806,0.162545269108,2,0,1255,1255,1252,0.998786407767,0.997609561753,0.997609561753
noise,0.02,3,000019,2,115697,115697,18938,0.163686180281,2,0,1255,1255,1159,0.468851132686,0.923505976096,0.923505976096
noise,0.02,3,000011,0,108004,108004,19973,0.184928335988,6,0,3766,729,721,0.836778722918,0.191449814126,0.9890260631
noise,0.02,3,000011,2,108004,108004,19989,0.185076478649,6,0,3766,591,265,0.252872819309,0.0703664365374,0.448392554992
noise,0.02,3,000004,0,115976,115976,19085,0.164559908947,2,0,103,103,103,1,1,1
noise,0.02,3,000004,2,115976,115976,19009,0.163904600952,2,0,103,103,54,0.465284715285,0.52427184466,0.52427184466
noise,0.02,3,000049,0,113691,113691,18114,0.159326595773,16,0,4335,4212,4177,0.97303720987,0.963552479815,0.991690408357
noise,0.02,3,000049,2,113691,113691,18252,0.16054041217,16,0,4335,4176,3564,0.793121446168,0.82214532872,0.853448275862
noise,0.02,4,000019,0,115697,115697,18818,0.162648988306,2,0,1255,1255,1254,0.999595469256,0.999203187251,0.999203187251
noise,0.02,4,000019,2,115697,115697,18915,0.163487385153,2,0,1255,1255,1162,0.470064724919,0.925896414343,0.925896414343
noise,0.02,4,000011,0,108004,108004,19965,0.184854264657,6,0,3766,725,718,0.836769998445,0.190653212958,0.990344827586
noise,0.02,4,000011,2,108004,108004,19974,0.184937594904,6,0,3766,597,267,0.24937034735,0.070897503983,0.447236180905
noise,0.02,4,000004,0,115976,115976,19094,0.164637511209,2,0,103,103,103,1,1,1
noise,0.02,4,000004,2,115976,115976,18997,0.163801131269,2,0,103,103,56,0.478271728272,0.543689320388,0.543689320388
noise,0.02,4,000049,0,113691,113691,18095,0.159159476124,16,0,4335,4217,4181,0.976028563976,0.964475201845,0.991463125445
noise,0.02,4,000049,2,113691,113691,18234,0.160382088292,16,0,4335,4178,3568,0.794525335033,0.82306805075,0.853997127812
noise,0.05,0,000019,0,115697,115697,18849,0.162916929566,2,0,1255,1255,1242,0.994741100324,0.989641434263,0.989641434263
noise,0.05,0,000019,2,115697,115697,18939,0.163694823548,2,0,1255,1255,1150,0.465210355987,0.916334661355,0.916334661355
noise,0.05,0,000011,0,108004,108004,19968,0.184882041406,6,0,3766,725,714,0.82714065225,0.189591078067,0.984827586207
noise,0.05,0,000011,2,108004,108004,19972,0.184919077071,6,0,3766,593,269,0.2541303709,0.0714285714286,0.453625632378
noise,0.05,0,000004,0,115976,115976,19101,0.164697868525,2,0,103,103,103,1,1,1
noise,0.05,0,000004,2,115976,115976,19010,0.163913223426,2,0,103,103,55,0.471778221778,0.533980582524,0.533980582524
noise,0.05,0,000049,0,113691,113691,18121,0.15938816617,16,0,4335,4217,4147,0.965194262754,0.956632064591,0.983400521698
noise,0.05,0,000049,2,113691,113691,18261,0.160619574109,16,0,4335,4178,3523,0.786082569382,0.812687427912,0.843226424126
noise,0.05,1,000019,0,115697,115697,18807,0.162553912375,2,0,1255,1255,1241,0.994336569579,0.988844621514,0.988844621514
noise,0.05,1,000019,2,115697,115697,18947,0.163763969679,2,0,1255,1255,1157,0.468042071197,0.921912350598,0.921912350598
noise,0.05,1,000011,0,108004,108004,19991,0.185094996482,6,0,3766,731,712,0.822031709707,0.189060010621,0.974008207934
noise,0.05,1,000011,2,108004,108004,19989,0.185076478649,6,0,3766,591,261,0.244957052619,0.0693043016463,0.441624365482
noise,0.05,1,000004,0,115976,115976,19108,0.16475822584,2,0,103,103,103,1,1,1
noise,0.05,1,000004,2,115976,115976,19021,0.164008070635,2,0,103,103,55,0.471778221778,0.533980582524,0.533980582524
noise,0.05,1,000049,0,113691,113691,18122,0.159396961941,16,0,4335,4213,4146,0.965189255384,0.956401384083,0.984096843105
noise,0.05,1,000049,2,113691,113691,18257,0.160584391025,16,0,4335,4176,3535,0.787137091645,0.815455594002,0.846503831418
noise,0.05,2,000019,0,115697,115697,18857,0.162986075698,2,0,1255,1255,1237,0.992718446602,0.985657370518,0.985657370518
noise,0.05,2,000019,2,115697,115697,18951,0.163798542745,2,0,1255,1255,1150,0.465210355987,0.916334661355,0.916334661355
noise,0.05,2,000011,0,108004,108004,20014,0.185307951557,6,0,3766,726,710,0.827659530974,0.188528943176,0.977961432507
noise,0.05,2,000011,2,108004,108004,20016,0.18532646939,6,0,3766,593,265,0.246662149276,0.0703664365374,0.446880269815
noise,0.05,2,000004,0,115976,115976,19107,0.164749603366,2,0,103,103,103,1,1,1
noise,0.05,2,000004,2,115976,115976,18994,0.163775263848,2,0,103,103,58,0.491258741259,0.563106796117,0.563106796117
noise,0.05,2,000049,0,113691,113691,18145,0.159599264674,16,0,4335,4217,4153,0.9677457115,0.958016147636,0.984823334124
noise,0.05,2,000049,2,113691,113691,18277,0.160760306445,16,0,4335,4176,3537,0.788665424127,0.815916955017,0.846982758621
noise,0.05,3,000019,0,115697,115697,18819,0.162657631572,2,0,1255,1255,1244,0.995550161812,0.991235059761,0.991235059761
noise,0.05,3,000019,2,115697,115697,18936,0.163668893748,2,0,1255,1255,1152,0.466019417476,0.917928286853,0.917928286853
noise,0.05,3,000011,0,108004,108004,20001,0.185187585645,6,0,3766,728,716,0.826144250037,0.190122145512,0.983516483516
noise,0.05,3,000011,2,108004,108004,20026,0.185419058553,6,0,3766,591,263,0.255230877917,0.0698353690919,0.445008460237
noise,0.05,3,000004,0,115976,115976,19125,0.164904807891,2,0,103,103,103,1,1,1
noise,0.05,3,000004,2,115976,115976,19026,0.164051183003,2,0,103,103,55,0.471778221778,0.533980582524,0.533980582524
noise,0.05,3,000049,0,113691,113691,18121,0.15938816617,16,0,4335,4214,4136,0.964714673328,0.954094579008,0.981490270527
noise,0.05,3,000049,2,113691,113691,18255,0.160566799483,16,0,4335,4176,3532,0.786242363032,0.81476355248,0.845785440613
noise,0.05,4,000019,0,115697,115697,18827,0.162726777704,2,0,1255,1255,1247,0.996763754045,0.993625498008,0.993625498008
noise,0.05,4,000019,2,115697,115697,18920,0.163530601485,2,0,1255,1255,1160,0.46925566343,0.924302788845,0.924302788845
noise,0.05,4,000011,0,108004,108004,19971,0.184909818155,6,0,3766,719,704,0.820565012475,0.186935740839,0.979137691238
noise,0.05,4,000011,2,108004,108004,19984,0.185030184067,6,0,3766,593,266,0.255832221815,0.0706319702602,0.448566610455
noise,0.05,4,000004,0,115976,115976,19114,0.164809960682,2,0,103,103,103,1,1,1
noise,0.05,4,000004,2,115976,115976,19037,0.164146030213,2,0,103,103,56,0.478271728272,0.543689320388,0.543689320388
noise,0.05,4,000049,0,113691,113691,18097,0.159177067666,16,0,4335,4218,4153,0.966540258448,0.958016147636,0.984589853011
noise,0.05,4,000049,2,113691,113691,18251,0.160531616399,16,0,4335,4186,3553,0.790307724095,0.819607843137,0.848781653129
noise,0.1,0,000019,0,115697,115697,18887,0.163245373692,2,0,1255,1255,1209,0.981391585761,0.963346613546,0.963346613546
noise,0.1,0,000019,2,115697,115697,18979,0.164040554206,2,0,1255,1255,1122,0.453883495146,0.894023904382,0.894023904382
noise,0.1,0,000011,0,108004,108004,19997,0.18515054998,6,0,3766,728,691,0.779590523666,0.183483802443,0.949175824176
noise,0.1,0,000011,2,108004,108004,19999,0.185169067812,6,0,3766,598,271,0.248022233421,0.0719596388741,0.453177257525
noise,0.1,0,000004,0,115976,115976,19137,0.165008277575,2,0,103,103,103,1,1,1
noise,0.1,0,000004,2,115976,115976,19051,0.164266744844,2,0,103,103,53,0.446053946054,0.514563106796,0.514563106796
noise,0.1,0,000049,0,113691,113691,18118,0.159361778857,16,0,4335,4217,4064,0.940878942841,0.937485582468,0.96371828314
noise,0.1,0,000049,2,113691,113691,18236,0.160399679834,16,0,4335,4176,3457,0.766614837936,0.797462514418,0.827825670498
noise,0.1,1,000019,0,115697,115697,18798,0.162476122976,2,0,1255,1255,1209,0.981391585761,0.963346613546,0.963346613546
noise,0.1,1,000019,2,115697,115697,18931,0.163625677416,2,0,1255,1255,1127,0.455906148867,0.898007968127,0.898007968127
noise,0.1,1,000011,0,108004,108004,20037,0.185520906633,6,0,3766,724,682,0.78104103524,0.181093998938,0.941988950276
noise,0.1,1,000011,2,108004,108004,20056,0.185696826043,6,0,3766,602,282,0.268184354969,0.0748805098247,0.468438538206
noise,0.1,1,000004,0,115976,115976,19158,0.165189349521,2,0,103,103,102,0.980769230769,0.990291262136,0.990291262136
noise,0.1,1,000004,2,115976,115976,19071,0.164439194316,2,0,103,103,54,0.452547452547,0.52427184466,0.52427184466
noise,0.1,1,000049,0,113691,113691,18163,0.159757588551,16,0,4335,4208,4059,0.944376149093,0.936332179931,0.964591254753
noise,0.1,1,000049,2,113691,113691,18293,0.160901038781,16,0,4335,4171,3470,0.773017505396,0.800461361015,0.831934787821
noise,0.1,2,000019,0,115697,115697,18865,0.163055221829,2,0,1255,1255,1203,0.978964401294,0.958565737052,0.958565737052
noise,0.1,2,000019,2,115697,115697,19006,0.164273922401,2,0,1255,1255,1126,0.455501618123,0.897211155378,0.897211155378
noise,0.1,2,000011,0,108004,108004,20035,0.1855023888,6,0,3766,728,695,0.792697172242,0.184545937334,0.95467032967
noise,0.1,2,000011,2,108004,108004,20037,0.185520906633,6,0,3766,590,258,0.246658903534,0.068507700478,0.437288135593
noise,0.1,2,000004,0,115976,115976,19137,0.165008277575,2,0,103,103,103,1,1,1
noise,0.1,2,000004,2,115976,115976,19070,0.164430571842,2,0,103,103,57,0.484765234765,0.553398058252,0.553398058252
noise,0.1,2,000049,0,113691,113691,18145,0.159599264674,16,0,4335,4210,4063,0.941691791846,0.937254901961,0.965083135392
noise,0.1,2,000049,2,113691,113691,18292,0.16089224301,16,0,4335,4176,3455,0.766839219971,0.797001153403,0.827346743295
noise,0.1,3,000019,0,115697,115697,18854,0.162960145898,2,0,1255,1255,1214,0.983414239482,0.967330677291,0.967330677291
noise,0.1,3,000019,2,115697,115697,18965,0.163919548476,2,0,1255,1255,1126,0.455501618123,0.897211155378,0.897211155378
noise,0.1,3,000011,0,108004,108004,20053,0.185669049294,6,0,3766,727,687,0.774428607686,0.182421667552,0.944979367263
noise,0.1,3,000011,2,108004,108004,20059,0.185724602792,6,0,3766,589,269,0.254682164827,0.0714285714286,0.456706281834
noise,0.1,3,000004,0,115976,115976,19150,0.165120369732,2,0,103,103,101,0.987012987013,0.980582524272,0.980582524272
noise,0.1,3,000004,2,115976,115976,19064,0.164378837001,2,0,103,103,52,0.43956043956,0.504854368932,0.504854368932
noise,0.1,3,000049,0,113691,113691,18139,0.159546490048,16,0,4335,4214,4039,0.939446962161,0.931718569781,0.958471760797
noise,0.1,3,000049,2,113691,113691,18294,0.160909834552,16,0,4335,4175,3460,0.767070722032,0.79815455594,0.82874251497
noise,0.1,4,000019,0,115697,115697,18855,0.162968789165,2,0,1255,1255,1211,0.982200647249,0.964940239044,0.964940239044
noise,0.1,4,000019,2,115697,115697,18953,0.163815829278,2,0,1255,1255,1119,0.452669902913,0.891633466135,0.891633466135
noise,0.1,4,000011,0,108004,108004,20032,0.185474612051,6,0,3766,725,688,0.776476517534,0.182687201275,0.948965517241
noise,0.1,4,000011,2,108004,108004,20028,0.185437576386,6,0,3766,588,261,0.250562781237,0.0693043016463,0.44387755102
noise,0.1,4,000004,0,115976,115976,19146,0.165085879837,2,0,103,103,102,0.993506493506,0.990291262136,0.990291262136
noise,0.1,4,000004,2,115976,115976,19097,0.16466337863,2,0,103,103,55,0.471778221778,0.533980582524,0.533980582524
noise,0.1,4,000049,0,113691,113691,18098,0.159185863437,16,0,4335,4216,4069,0.950942570762,0.938638985006,0.965132827324
noise,0.1,4,000049,2,113691,113691,18265,0.160654757193,16,0,4335,4183,3482,0.775015341708,0.803229527105,0.832416925651
