frame,yaw_deg,run_index,warmup,elapsed_ms
000019,2,0,True,12.0492000133
000019,2,1,False,11.2208999926
000019,2,2,False,11.357499985
000019,2,3,False,11.2098000245
000019,2,4,False,11.1458000029
000019,2,5,False,11.3054999383
000019,2,6,False,11.5211999509
000019,2,7,False,11.2882000394
000019,2,8,False,11.2941999687
000019,2,9,False,11.3400999689
000019,2,10,False,11.082699988
000019,2,11,False,12.0665000286
000019,2,12,False,11.6215999005
000019,2,13,False,11.286700028
000019,2,14,False,11.5508000599
000019,2,15,False,11.9005000452
000019,2,16,False,11.244299938
000019,2,17,False,11.8235000409
000019,2,18,False,11.0540000023
000019,2,19,False,11.3466000184
000019,2,20,False,11.7837000871
000011,2,0,True,12.4002000084
000011,2,1,False,12.4519999372
000011,2,2,False,11.6590000689
000011,2,3,False,14.6554999519
000011,2,4,False,19.9554999126
000011,2,5,False,21.6453999747
000011,2,6,False,21.6624999885
000011,2,7,False,20.9136999911
000011,2,8,False,21.3894000044
000011,2,9,False,14.1533999704
000011,2,10,False,19.2217000294
000011,2,11,False,17.3738999292
000011,2,12,False,19.0582999494
000011,2,13,False,20.4630000517
000011,2,14,False,21.0137999384
000011,2,15,False,22.0810000319
000011,2,16,False,20.4764000373
000011,2,17,False,20.0484000379
000011,2,18,False,21.3679000735
000011,2,19,False,18.4953999706
000011,2,20,False,22.3728999263
000004,2,0,True,19.7726999177
000004,2,1,False,17.6015000325
000004,2,2,False,18.1100999471
000004,2,3,False,18.2236999972
000004,2,4,False,18.7713999767
000004,2,5,False,18.6180999735
000004,2,6,False,17.4584999913
000004,2,7,False,18.5037999181
000004,2,8,False,17.7946999902
000004,2,9,False,17.5769999623
000004,2,10,False,18.4511999832
000004,2,11,False,16.7291000253
000004,2,12,False,18.3665999211
000004,2,13,False,17.5596000627
000004,2,14,False,17.4588999944
000004,2,15,False,17.9241000442
000004,2,16,False,18.7750000041
000004,2,17,False,18.7775000231
000004,2,18,False,17.1517999843
000004,2,19,False,17.9910999723
000004,2,20,False,17.1720000217
000049,2,0,True,22.9365000268
000049,2,1,False,22.8320999304
000049,2,2,False,21.8107999535
000049,2,3,False,24.6076000622
000049,2,4,False,22.3167000804
000049,2,5,False,21.6807000106
000049,2,6,False,23.2642000774
000049,2,7,False,22.4554000888
000049,2,8,False,24.6547000716
000049,2,9,False,24.8741999967
000049,2,10,False,22.6083000889
000049,2,11,False,20.8256999031
000049,2,12,False,22.2376000602
000049,2,13,False,23.6852000235
000049,2,14,False,21.8616999919
000049,2,15,False,21.8347000191
000049,2,16,False,21.8683000421
000049,2,17,False,22.9259999469
000049,2,18,False,26.3156000292
000049,2,19,False,24.2505999049
000049,2,20,False,26.3038000558
