dataset,classes,yaw_deg,frame_count,n_points,inside_image,fov_ratio,object_count,empty_object_count,object_points,visible_object_points,hit_points,mean_hit_ratio,pooled_hit_ratio,visible_hit_ratio,drop_vs_baseline_pp
kitti_mini,Car|Pedestrian,0,4,453368,75894,0.167400434084,26,0,9459,6300,6262,0.94785876468,0.662015012158,0.993968253968,0
kitti_mini,Car|Pedestrian,0.5,4,453368,75961,0.167548216901,26,0,9459,6267,6094,0.880847238248,0.644254149487,0.972395085368,6.70115264323
kitti_mini,Car|Pedestrian,1,4,453368,76017,0.167671736867,26,0,9459,6227,5768,0.769778670677,0.609789618353,0.926288742573,17.8080094003
kitti_mini,Car|Pedestrian,2,4,453368,76079,0.167808491115,26,0,9459,6126,5046,0.61909602732,0.533460196638,0.823702252693,32.8762737361
kitti_mini,Car|Pedestrian,3,4,453368,76080,0.167810696829,26,0,9459,6025,4328,0.456261256717,0.457553652606,0.718340248963,49.1597507964
nuscenes_mini_subset,Car|Pedestrian,0,4,138880,12507,0.0900561635945,44,15,1998,792,792,0.902232961453,0.396396396396,1,0
nuscenes_mini_subset,Car|Pedestrian,0.5,4,138880,12494,0.0899625576037,44,15,1998,789,773,0.758546041557,0.386886886887,0.979721166033,14.3686919896
nuscenes_mini_subset,Car|Pedestrian,1,4,138880,12491,0.0899409562212,44,15,1998,785,740,0.593068222976,0.37037037037,0.942675159236,30.9164738477
nuscenes_mini_subset,Car|Pedestrian,2,4,138880,12483,0.0898833525346,44,15,1998,779,651,0.335423012115,0.325825825826,0.83568677792,56.6809949338
nuscenes_mini_subset,Car|Pedestrian,3,4,138880,12476,0.0898329493088,44,15,1998,768,564,0.264253573312,0.282282282282,0.734375,63.7979388141
