dataset,yaw_deg,group_kind,group,object_count,empty_object_count,object_points,visible_object_points,hit_points,mean_hit_ratio,pooled_hit_ratio,visible_hit_ratio
kitti_mini,0,class,Car,20,0,8280,5232,5229,0.946933635804,0.63152173913,0.999426605505
kitti_mini,0,class,Pedestrian,6,0,1179,1068,1033,0.9509425276,0.876166242578,0.967228464419
kitti_mini,0,range,0-15m,8,0,7441,4289,4256,0.861046937592,0.571966133584,0.992305898811
kitti_mini,0,range,15-30m,10,0,1720,1713,1713,0.9875,0.995930232558,1
kitti_mini,0,range,30m+,8,0,298,298,293,0.985119047619,0.98322147651,0.98322147651
kitti_mini,0.5,class,Car,20,0,8280,5196,5136,0.912428811941,0.620289855072,0.988452655889
kitti_mini,0.5,class,Pedestrian,6,0,1179,1071,958,0.775575325937,0.812553011026,0.894491129785
kitti_mini,0.5,range,0-15m,8,0,7441,4257,4182,0.847403892786,0.562021233705,0.982381959126
kitti_mini,0.5,range,15-30m,10,0,1720,1712,1663,0.952197813424,0.966860465116,0.971378504673
kitti_mini,0.5,range,30m+,8,0,298,298,249,0.825102364741,0.835570469799,0.835570469799
kitti_mini,1,class,Car,20,0,8280,5155,4927,0.847141380691,0.595048309179,0.955771096023
kitti_mini,1,class,Pedestrian,6,0,1179,1072,841,0.511902970631,0.713316369805,0.784514925373
kitti_mini,1,range,0-15m,8,0,7441,4224,4057,0.820002973251,0.545222416342,0.960464015152
kitti_mini,1,range,15-30m,10,0,1720,1705,1524,0.851781113229,0.886046511628,0.893841642229
kitti_mini,1,range,30m+,8,0,298,298,187,0.617051314913,0.627516778523,0.627516778523
kitti_mini,2,class,Car,20,0,8280,5054,4420,0.726460118369,0.533816425121,0.874554808073
kitti_mini,2,class,Pedestrian,6,0,1179,1072,626,0.261215723822,0.530958439355,0.583955223881
kitti_mini,2,range,0-15m,8,0,7441,4144,3635,0.659959410685,0.488509608924,0.877171814672
kitti_mini,2,range,15-30m,10,0,1720,1684,1262,0.68737914818,0.733720930233,0.749406175772
kitti_mini,2,range,30m+,8,0,298,298,149,0.492878742879,0.5,0.5
kitti_mini,3,class,Car,20,0,8280,4953,3876,0.554991886641,0.468115942029,0.782556026651
kitti_mini,3,class,Pedestrian,6,0,1179,1072,452,0.127159156968,0.383375742154,0.421641791045
kitti_mini,3,range,0-15m,8,0,7441,4053,3218,0.526084646792,0.4324687542,0.793979768073
kitti_mini,3,range,15-30m,10,0,1720,1674,1009,0.554355038973,0.586627906977,0.6027479092
kitti_mini,3,range,30m+,8,0,298,298,101,0.263820638821,0.338926174497,0.338926174497
