dataset,frame,classes,yaw_deg,n_points_raw,n_points,inside_image,fov_ratio,object_count,empty_object_count,object_points,visible_object_points,hit_points,mean_hit_ratio,pooled_hit_ratio,visible_hit_ratio
nuscenes_mini_subset,scene-0103_010,Car|Pedestrian,0,34720,34720,3120,0.0898617511521,9,3,364,100,100,0.847222222222,0.274725274725,1
nuscenes_mini_subset,scene-0103_010,Car|Pedestrian,0.5,34720,34720,3126,0.090034562212,9,3,364,99,96,0.758818342152,0.263736263736,0.969696969697
nuscenes_mini_subset,scene-0103_010,Car|Pedestrian,1,34720,34720,3125,0.0900057603687,9,3,364,97,88,0.608430335097,0.241758241758,0.907216494845
nuscenes_mini_subset,scene-0103_010,Car|Pedestrian,2,34720,34720,3126,0.090034562212,9,3,364,92,69,0.377702125685,0.18956043956,0.75
nuscenes_mini_subset,scene-0103_010,Car|Pedestrian,3,34720,34720,3133,0.0902361751152,9,3,364,89,58,0.313489278752,0.159340659341,0.651685393258
nuscenes_mini_subset,scene-0103_020,Car|Pedestrian,0,34752,34752,2990,0.086038213628,15,8,850,243,243,0.938779626828,0.285882352941,1
nuscenes_mini_subset,scene-0103_020,Car|Pedestrian,0.5,34752,34752,2982,0.0858080110497,15,8,850,251,245,0.710697596235,0.288235294118,0.97609561753
nuscenes_mini_subset,scene-0103_020,Car|Pedestrian,1,34752,34752,2973,0.0855490331492,15,8,850,256,244,0.539535216003,0.287058823529,0.953125
nuscenes_mini_subset,scene-0103_020,Car|Pedestrian,2,34752,34752,2965,0.0853188305709,15,8,850,274,238,0.308003223478,0.28,0.868613138686
nuscenes_mini_subset,scene-0103_020,Car|Pedestrian,3,34752,34752,2960,0.0851749539595,15,8,850,287,224,0.235073319292,0.263529411765,0.780487804878
nuscenes_mini_subset,scene-1094_010,Car|Pedestrian,0,34688,34688,3592,0.103551660517,14,1,678,359,359,0.887427738139,0.529498525074,1
nuscenes_mini_subset,scene-1094_010,Car|Pedestrian,0.5,34688,34688,3594,0.103609317343,14,1,678,346,346,0.879902088433,0.510324483776,1
nuscenes_mini_subset,scene-1094_010,Car|Pedestrian,1,34688,34688,3600,0.103782287823,14,1,678,334,323,0.707462780956,0.476401179941,0.967065868263
nuscenes_mini_subset,scene-1094_010,Car|Pedestrian,2,34688,34688,3609,0.104041743542,14,1,678,310,268,0.313343758378,0.395280235988,0.864516129032
nuscenes_mini_subset,scene-1094_010,Car|Pedestrian,3,34688,34688,3618,0.104301199262,14,1,678,286,215,0.229241689807,0.317109144543,0.751748251748
nuscenes_mini_subset,scene-1094_020,Car|Pedestrian,0,34720,34720,2805,0.0807891705069,6,3,106,90,90,0.927927927928,0.849056603774,1
nuscenes_mini_subset,scene-1094_020,Car|Pedestrian,0.5,34720,34720,2792,0.0804147465438,6,3,106,93,86,0.594594594595,0.811320754717,0.924731182796
nuscenes_mini_subset,scene-1094_020,Car|Pedestrian,1,34720,34720,2793,0.0804435483871,6,3,106,98,85,0.436936936937,0.801886792453,0.867346938776
nuscenes_mini_subset,scene-1094_020,Car|Pedestrian,2,34720,34720,2783,0.0801555299539,6,3,106,103,76,0.392072072072,0.716981132075,0.73786407767
nuscenes_mini_subset,scene-1094_020,Car|Pedestrian,3,34720,34720,2765,0.0796370967742,6,3,106,106,67,0.345045045045,0.632075471698,0.632075471698
