dataset,frame,classes,yaw_deg,object_id,type,distance_m,range_bin,occluded,truncated,object_points,visible_object_points,hit_points,hit_ratio
kitti_mini,000019,Car|Pedestrian,0,1,Car,10.1264011376,0-15m,0,0,1236,1236,1236,1
kitti_mini,000019,Car|Pedestrian,0,3,Car,59.7142411825,30m+,0,0,19,19,19,1
kitti_mini,000019,Car|Pedestrian,0.5,1,Car,10.1264011376,0-15m,0,0,1236,1236,1236,1
kitti_mini,000019,Car|Pedestrian,0.5,3,Car,59.7142411825,30m+,0,0,19,19,13,0.684210526316
kitti_mini,000019,Car|Pedestrian,1,1,Car,10.1264011376,0-15m,0,0,1236,1236,1226,0.991909385113
kitti_mini,000019,Car|Pedestrian,1,3,Car,59.7142411825,30m+,0,0,19,19,6,0.315789473684
kitti_mini,000019,Car|Pedestrian,2,1,Car,10.1264011376,0-15m,0,0,1236,1236,1162,0.940129449838
kitti_mini,000019,Car|Pedestrian,2,3,Car,59.7142411825,30m+,0,0,19,19,0,0
kitti_mini,000019,Car|Pedestrian,3,1,Car,10.1264011376,0-15m,0,0,1236,1236,1098,0.888349514563
kitti_mini,000019,Car|Pedestrian,3,3,Car,59.7142411825,30m+,0,0,19,19,0,0
kitti_mini,000011,Car|Pedestrian,0,0,Pedestrian,13.4111893581,0-15m,1,0,151,151,150,0.993377483444
kitti_mini,000011,Car|Pedestrian,0,1,Pedestrian,14.4824479975,0-15m,2,0,35,35,35,1
kitti_mini,000011,Car|Pedestrian,0,2,Car,27.0959794065,15-30m,0,0,208,208,208,1
kitti_mini,000011,Car|Pedestrian,0,3,Pedestrian,34.1509355655,30m+,0,0,40,40,40,1
kitti_mini,000011,Car|Pedestrian,0,4,Car,6.57809242866,0-15m,0,0.98,3251,210,207,0.0636727160874
kitti_mini,000011,Car|Pedestrian,0,5,Pedestrian,17.8081133195,15-30m,0,0,81,81,81,1
kitti_mini,000011,Car|Pedestrian,0.5,0,Pedestrian,13.4111893581,0-15m,1,0,151,151,141,0.933774834437
kitti_mini,000011,Car|Pedestrian,0.5,1,Pedestrian,14.4824479975,0-15m,2,0,35,35,35,1
kitti_mini,000011,Car|Pedestrian,0.5,2,Car,27.0959794065,15-30m,0,0,208,208,199,0.956730769231
kitti_mini,000011,Car|Pedestrian,0.5,3,Pedestrian,34.1509355655,30m+,0,0,40,40,21,0.525
kitti_mini,000011,Car|Pedestrian,0.5,4,Car,6.57809242866,0-15m,0,0.98,3251,175,172,0.0529067979083
kitti_mini,000011,Car|Pedestrian,0.5,5,Pedestrian,17.8081133195,15-30m,0,0,81,81,66,0.814814814815
kitti_mini,000011,Car|Pedestrian,1,0,Pedestrian,13.4111893581,0-15m,1,0,151,151,124,0.82119205298
kitti_mini,000011,Car|Pedestrian,1,1,Pedestrian,14.4824479975,0-15m,2,0,35,35,35,1
kitti_mini,000011,Car|Pedestrian,1,2,Car,27.0959794065,15-30m,0,0,208,208,178,0.855769230769
kitti_mini,000011,Car|Pedestrian,1,3,Pedestrian,34.1509355655,30m+,0,0,40,40,3,0.075
kitti_mini,000011,Car|Pedestrian,1,4,Car,6.57809242866,0-15m,0,0.98,3251,141,140,0.0430636727161
kitti_mini,000011,Car|Pedestrian,1,5,Pedestrian,17.8081133195,15-30m,0,0,81,81,28,0.345679012346
kitti_mini,000011,Car|Pedestrian,2,0,Pedestrian,13.4111893581,0-15m,1,0,151,151,44,0.291390728477
kitti_mini,000011,Car|Pedestrian,2,1,Pedestrian,14.4824479975,0-15m,2,0,35,35,21,0.6
kitti_mini,000011,Car|Pedestrian,2,2,Car,27.0959794065,15-30m,0,0,208,208,127,0.610576923077
kitti_mini,000011,Car|Pedestrian,2,3,Pedestrian,34.1509355655,30m+,0,0,40,40,0,0
kitti_mini,000011,Car|Pedestrian,2,4,Car,6.57809242866,0-15m,0,0.98,3251,77,77,0.0236850199938
kitti_mini,000011,Car|Pedestrian,2,5,Pedestrian,17.8081133195,15-30m,0,0,81,81,0,0
kitti_mini,000011,Car|Pedestrian,3,0,Pedestrian,13.4111893581,0-15m,1,0,151,151,10,0.0662251655629
kitti_mini,000011,Car|Pedestrian,3,1,Pedestrian,14.4824479975,0-15m,2,0,35,35,6,0.171428571429
kitti_mini,000011,Car|Pedestrian,3,2,Car,27.0959794065,15-30m,0,0,208,208,76,0.365384615385
kitti_mini,000011,Car|Pedestrian,3,3,Pedestrian,34.1509355655,30m+,0,0,40,40,0,0
kitti_mini,000011,Car|Pedestrian,3,4,Car,6.57809242866,0-15m,0,0.98,3251,22,22,0.00676714856967
kitti_mini,000011,Car|Pedestrian,3,5,Pedestrian,17.8081133195,15-30m,0,0,81,81,0,0
kitti_mini,000004,Car|Pedestrian,0,0,Car,41.3597836068,30m+,0,0,77,77,77,1
kitti_mini,000004,Car|Pedestrian,0,1,Car,53.5804161985,30m+,0,0,26,26,26,1
kitti_mini,000004,Car|Pedestrian,0.5,0,Car,41.3597836068,30m+,0,0,77,77,75,0.974025974026
kitti_mini,000004,Car|Pedestrian,0.5,1,Car,53.5804161985,30m+,0,0,26,26,22,0.846153846154
kitti_mini,000004,Car|Pedestrian,1,0,Car,41.3597836068,30m+,0,0,77,77,65,0.844155844156
kitti_mini,000004,Car|Pedestrian,1,1,Car,53.5804161985,30m+,0,0,26,26,17,0.653846153846
kitti_mini,000004,Car|Pedestrian,2,0,Car,41.3597836068,30m+,0,0,77,77,47,0.61038961039
kitti_mini,000004,Car|Pedestrian,2,1,Car,53.5804161985,30m+,0,0,26,26,9,0.346153846154
kitti_mini,000004,Car|Pedestrian,3,0,Car,41.3597836068,30m+,0,0,77,77,21,0.272727272727
kitti_mini,000004,Car|Pedestrian,3,1,Car,53.5804161985,30m+,0,0,26,26,0,0
kitti_mini,000049,Car|Pedestrian,0,0,Car,21.5546978638,15-30m,0,0,206,206,206,1
kitti_mini,000049,Car|Pedestrian,0,1,Car,14.348257734,0-15m,0,0,930,930,930,1
kitti_mini,000049,Car|Pedestrian,0,2,Car,22.2893449881,15-30m,2,0,140,140,140,1
kitti_mini,000049,Car|Pedestrian,0,3,Car,25.2012896495,15-30m,2,0,79,79,79,1
kitti_mini,000049,Car|Pedestrian,0,4,Car,32.781240062,30m+,2,0,18,18,18,1
kitti_mini,000049,Car|Pedestrian,0,6,Pedestrian,5.4641559275,0-15m,3,0.29,830,719,690,0.831325301205
kitti_mini,000049,Car|Pedestrian,0,7,Car,10.3983892983,0-15m,1,0,571,571,571,1
kitti_mini,000049,Car|Pedestrian,0,8,Car,15.4441607088,15-30m,1,0,432,432,432,1
kitti_mini,000049,Car|Pedestrian,0,9,Car,20.6443115652,15-30m,2,0,198,198,198,1
kitti_mini,000049,Car|Pedestrian,0,10,Pedestrian,32.79,30m+,0,0,42,42,37,0.880952380952
kitti_mini,000049,Car|Pedestrian,0,11,Car,33.2461862474,30m+,2,0,74,74,74,1
kitti_mini,000049,Car|Pedestrian,0,12,Car,14.4223853783,0-15m,3,0.07,437,437,437,1
kitti_mini,000049,Car|Pedestrian,0,13,Car,19.0220004206,15-30m,1,0,312,312,312,1
kitti_mini,000049,Car|Pedestrian,0,14,Car,35.6742400059,30m+,2,0,2,2,2,1
kitti_mini,000049,Car|Pedestrian,0,15,Car,23.2024503016,15-30m,2,0,8,8,8,1
kitti_mini,000049,Car|Pedestrian,0,17,Car,22.3813873565,15-30m,3,0.38,56,49,49,0.875
kitti_mini,000049,Car|Pedestrian,0.5,0,Car,21.5546978638,15-30m,0,0,206,206,190,0.922330097087
kitti_mini,000049,Car|Pedestrian,0.5,1,Car,14.348257734,0-15m,0,0,930,930,925,0.994623655914
kitti_mini,000049,Car|Pedestrian,0.5,2,Car,22.2893449881,15-30m,2,0,140,140,140,1
kitti_mini,000049,Car|Pedestrian,0.5,3,Car,25.2012896495,15-30m,2,0,79,79,79,1
kitti_mini,000049,Car|Pedestrian,0.5,4,Car,32.781240062,30m+,2,0,18,18,18,1
kitti_mini,000049,Car|Pedestrian,0.5,6,Pedestrian,5.4641559275,0-15m,3,0.29,830,722,671,0.80843373494
kitti_mini,000049,Car|Pedestrian,0.5,7,Car,10.3983892983,0-15m,1,0,571,571,565,0.989492119089
kitti_mini,000049,Car|Pedestrian,0.5,8,Car,15.4441607088,15-30m,1,0,432,432,426,0.986111111111
kitti_mini,000049,Car|Pedestrian,0.5,9,Car,20.6443115652,15-30m,2,0,198,198,195,0.984848484848
kitti_mini,000049,Car|Pedestrian,0.5,10,Pedestrian,32.79,30m+,0,0,42,42,24,0.571428571429
kitti_mini,000049,Car|Pedestrian,0.5,11,Car,33.2461862474,30m+,2,0,74,74,74,1
kitti_mini,000049,Car|Pedestrian,0.5,12,Car,14.4223853783,0-15m,3,0.07,437,437,437,1
kitti_mini,000049,Car|Pedestrian,0.5,13,Car,19.0220004206,15-30m,1,0,312,312,312,1
kitti_mini,000049,Car|Pedestrian,0.5,14,Car,35.6742400059,30m+,2,0,2,2,2,1
kitti_mini,000049,Car|Pedestrian,0.5,15,Car,23.2024503016,15-30m,2,0,8,8,8,1
kitti_mini,000049,Car|Pedestrian,0.5,17,Car,22.3813873565,15-30m,3,0.38,56,48,48,0.857142857143
kitti_mini,000049,Car|Pedestrian,1,0,Car,21.5546978638,15-30m,0,0,206,206,165,0.800970873786
kitti_mini,000049,Car|Pedestrian,1,1,Car,14.348257734,0-15m,0,0,930,930,903,0.970967741935
kitti_mini,000049,Car|Pedestrian,1,2,Car,22.2893449881,15-30m,2,0,140,140,140,1
kitti_mini,000049,Car|Pedestrian,1,3,Car,25.2012896495,15-30m,2,0,79,79,79,1
kitti_mini,000049,Car|Pedestrian,1,4,Car,32.781240062,30m+,2,0,18,18,18,1
kitti_mini,000049,Car|Pedestrian,1,6,Pedestrian,5.4641559275,0-15m,3,0.29,830,723,649,0.781927710843
kitti_mini,000049,Car|Pedestrian,1,7,Car,10.3983892983,0-15m,1,0,571,571,543,0.950963222417
kitti_mini,000049,Car|Pedestrian,1,8,Car,15.4441607088,15-30m,1,0,432,432,406,0.939814814815
kitti_mini,000049,Car|Pedestrian,1,9,Car,20.6443115652,15-30m,2,0,198,198,167,0.843434343434
kitti_mini,000049,Car|Pedestrian,1,10,Pedestrian,32.79,30m+,0,0,42,42,2,0.047619047619
kitti_mini,000049,Car|Pedestrian,1,11,Car,33.2461862474,30m+,2,0,74,74,74,1
kitti_mini,000049,Car|Pedestrian,1,12,Car,14.4223853783,0-15m,3,0.07,437,437,437,1
kitti_mini,000049,Car|Pedestrian,1,13,Car,19.0220004206,15-30m,1,0,312,312,312,1
kitti_mini,000049,Car|Pedestrian,1,14,Car,35.6742400059,30m+,2,0,2,2,2,1
kitti_mini,000049,Car|Pedestrian,1,15,Car,23.2024503016,15-30m,2,0,8,8,8,1
kitti_mini,000049,Car|Pedestrian,1,17,Car,22.3813873565,15-30m,3,0.38,56,41,41,0.732142857143
kitti_mini,000049,Car|Pedestrian,2,0,Car,21.5546978638,15-30m,0,0,206,206,116,0.563106796117
kitti_mini,000049,Car|Pedestrian,2,1,Car,14.348257734,0-15m,0,0,930,930,854,0.918279569892
kitti_mini,000049,Car|Pedestrian,2,2,Car,22.2893449881,15-30m,2,0,140,140,140,1
kitti_mini,000049,Car|Pedestrian,2,3,Car,25.2012896495,15-30m,2,0,79,79,79,1
kitti_mini,000049,Car|Pedestrian,2,4,Car,32.781240062,30m+,2,0,18,18,18,1
kitti_mini,000049,Car|Pedestrian,2,6,Pedestrian,5.4641559275,0-15m,3,0.29,830,723,561,0.675903614458
kitti_mini,000049,Car|Pedestrian,2,7,Car,10.3983892983,0-15m,1,0,571,571,495,0.866900175131
kitti_mini,000049,Car|Pedestrian,2,8,Car,15.4441607088,15-30m,1,0,432,432,359,0.831018518519
kitti_mini,000049,Car|Pedestrian,2,9,Car,20.6443115652,15-30m,2,0,198,198,102,0.515151515152
kitti_mini,000049,Car|Pedestrian,2,10,Pedestrian,32.79,30m+,0,0,42,42,0,0
kitti_mini,000049,Car|Pedestrian,2,11,Car,33.2461862474,30m+,2,0,74,74,73,0.986486486486
kitti_mini,000049,Car|Pedestrian,2,12,Car,14.4223853783,0-15m,3,0.07,437,421,421,0.963386727689
kitti_mini,000049,Car|Pedestrian,2,13,Car,19.0220004206,15-30m,1,0,312,312,311,0.996794871795
kitti_mini,000049,Car|Pedestrian,2,14,Car,35.6742400059,30m+,2,0,2,2,2,1
kitti_mini,000049,Car|Pedestrian,2,15,Car,23.2024503016,15-30m,2,0,8,8,8,1
kitti_mini,000049,Car|Pedestrian,2,17,Car,22.3813873565,15-30m,3,0.38,56,20,20,0.357142857143
kitti_mini,000049,Car|Pedestrian,3,0,Car,21.5546978638,15-30m,0,0,206,206,74,0.359223300971
kitti_mini,000049,Car|Pedestrian,3,1,Car,14.348257734,0-15m,0,0,930,930,797,0.856989247312
kitti_mini,000049,Car|Pedestrian,3,2,Car,22.2893449881,15-30m,2,0,140,140,138,0.985714285714
kitti_mini,000049,Car|Pedestrian,3,3,Car,25.2012896495,15-30m,2,0,79,79,76,0.962025316456
kitti_mini,000049,Car|Pedestrian,3,4,Car,32.781240062,30m+,2,0,18,18,18,1
kitti_mini,000049,Car|Pedestrian,3,6,Pedestrian,5.4641559275,0-15m,3,0.29,830,723,436,0.525301204819
kitti_mini,000049,Car|Pedestrian,3,7,Car,10.3983892983,0-15m,1,0,571,571,464,0.812609457093
kitti_mini,000049,Car|Pedestrian,3,8,Car,15.4441607088,15-30m,1,0,432,432,298,0.689814814815
kitti_mini,000049,Car|Pedestrian,3,9,Car,20.6443115652,15-30m,2,0,198,198,38,0.191919191919
kitti_mini,000049,Car|Pedestrian,3,10,Pedestrian,32.79,30m+,0,0,42,42,0,0
kitti_mini,000049,Car|Pedestrian,3,11,Car,33.2461862474,30m+,2,0,74,74,62,0.837837837838
kitti_mini,000049,Car|Pedestrian,3,12,Car,14.4223853783,0-15m,3,0.07,437,385,385,0.881006864989
kitti_mini,000049,Car|Pedestrian,3,13,Car,19.0220004206,15-30m,1,0,312,312,292,0.935897435897
kitti_mini,000049,Car|Pedestrian,3,14,Car,35.6742400059,30m+,2,0,2,2,0,0
kitti_mini,000049,Car|Pedestrian,3,15,Car,23.2024503016,15-30m,2,0,8,8,7,0.875
kitti_mini,000049,Car|Pedestrian,3,17,Car,22.3813873565,15-30m,3,0.38,56,10,10,0.178571428571
